{"cameraMode":{"drawMode":0,"name":"Shaded","section":"Shading Mode"},"sceneLighting":true,"audioPlay":false,"sceneViewState":{"showFog":true,"showMaterialUpdate":false,"showSkybox":true,"showFlares":true,"showImageEffects":true,"showParticleSystems":true},"in2DMode":false,"pivot":{"x":424.53411865234377,"y":221.53909301757813,"z":-4.691675186157227},"rotation":{"x":0.041984669864177707,"y":-0.011989166028797627,"z":0.0005038389354012907,"w":0.9990464448928833},"size":475.3052978515625,"orthographic":true}
