{"cameraMode":{"drawMode":0,"name":"Shaded","section":"Shading Mode"},"sceneLighting":true,"audioPlay":false,"sceneViewState":{"showFog":true,"showMaterialUpdate":true,"showSkybox":true,"showFlares":true,"showImageEffects":true,"showParticleSystems":true},"in2DMode":false,"pivot":{"x":11.79697036743164,"y":1.9297348260879517,"z":4.417464256286621},"rotation":{"x":0.40501824021339419,"y":-0.0027436253149062397,"z":0.0012140768812969328,"w":0.9143065810203552},"size":38.964630126953128,"orthographic":false}